{
  "model_name": "cnn_lstm_gcn",
  "sequence_length": 4,
  "forecast_year_start": 2026,
  "forecast_year_end": 2030,
  "trained_on_years": [
    2020,
    2021,
    2022,
    2023,
    2024,
    2025
  ],
  "crime_columns": [
    "Arms_Act_Offences",
    "Assault",
    "Attempt_to_Murder",
    "Auto_Theft",
    "Burglary",
    "Cheating_Fraud",
    "Cyber_Crime",
    "Dacoity",
    "Domestic_Violence",
    "Dowry_Deaths",
    "Drug_Offences",
    "Kidnapping_Abduction",
    "Murder",
    "Rape",
    "Riots",
    "Robbery",
    "Theft",
    "Total_Estimated_Crimes"
  ],
  "generated_at": "2026-04-07T17:48:22.206803+00:00",
  "forecast_batch_id": "cnn_lstm_gcn_20260407_174822",
  "training_rmse": 801.8017211256159,
  "training_mae": 33.311466217041016,
  "training_r2": 0.0006627440452575684,
  "training_mape": 168.0149793624878,
  "validation_rmse": 241.69160521468262,
  "validation_mae": 22.836627960205078,
  "validation_r2": 0.009646177291870117,
  "validation_mape": 162.59520053863525,
  "test_rmse": 324.80895827393675,
  "test_mae": 27.93790626525879,
  "test_r2": 0.005357146263122559,
  "test_mape": 166.08692407608032,
  "baseline_test_rmse": 36.1219333284199,
  "baseline_test_mae": 2.2171452045440674,
  "baseline_test_r2": 0.9876986145973206,
  "baseline_test_mape": 2.5398245081305504,
  "risk_band_thresholds": {
    "low_max": 75.0,
    "medium_max": 168.0
  },
  "best_epoch": 68,
  "best_val_loss": 4.804372292710468e-05,
  "train_sample_count": 4337,
  "validation_sample_count": 1002,
  "test_sample_count": 1335
}